Blinni,Blake,inactivo,65
Oralee,O'Neill,inactivo,802
Brana,Zola,inactivo,808
Brooks,Jacqui,Activo,81
Sibella,Gaynor,Activo,101
Coral,Nea,Activo,525
Theodora,Helve,Activo,532
Tami,Konyn,Activo,269
Jean,Salchunas,Activo,609
Ellette,Schroth,inactivo,391
Ardenia,Blase,inactivo,496
Tatiania,Hertzfeld,inactivo,761
Adore,Rad,Activo,206
Lucy,Nadia,inactivo,367
Perry,Muriel,inactivo,13
Kenna,Morgun,Activo,694
Jordan,Cristi,inactivo,281
Starla,Junie,inactivo,587
Aigneis,Liebermann,Activo,880
Jolyn,Bibi,Activo,50
Danika,Jarib,Activo,886
Concettina,Stacy,inactivo,235
Annabela,Dahlia,inactivo,352
Fred,Albertine,Activo,189
Rhea,Darrell,inactivo,465
Jobi,Vharat,inactivo,99
Krystle,Smitt,Activo,96
Nananne,Amadas,inactivo,733
Farrah,Kat,inactivo,377
Inga,Kelula,inactivo,306
Jennica,Gaulin,inactivo,55
Emmey,Shirberg,Activo,747
Dagmar,Beebe,Activo,188
Shaylyn,Callista,Activo,1
Paola,Ries,inactivo,201
Mahalia,Thilda,Activo,665
Laure,Levey,inactivo,120
Sheree,Deny,Activo,158
Corina,Bandeen,inactivo,420
Regina,Craggie,Activo,201
Peri,Ammann,inactivo,545
Cathyleen,Pandolfi,inactivo,486
Maud,Daniele,Activo,598
Modestia,Cleo,inactivo,946
Christy,Deny,Activo,371
Basia,Saree,inactivo,732
Tiffie,Suanne,inactivo,394
Jolyn,Nunci,Activo,244
Jaclyn,McNully,Activo,268
Nelle,Weide,inactivo,453
Latisha,Travax,Activo,181
Hayley,Sacken,inactivo,915
Ofilia,Clarissa,Activo,6
Esmeralda,Esmaria,inactivo,850
Magdalena,Thilda,inactivo,346
Feliza,Hessler,inactivo,978
Zsa Zsa,Harned,inactivo,838
Riannon,Freddi,inactivo,968
Brena,Ilka,Activo,834
Luci,Cutlerr,inactivo,225
Lily,Emanuel,inactivo,9
Carmela,Shanley,Activo,80
Coral,Liva,inactivo,135
Cassandra,Rodmann,inactivo,723
Nickie,Terencio,inactivo,244
Jolyn,Bivins,Activo,135
Joeann,Schenck,inactivo,112
Vinita,Parsaye,inactivo,873
Sarette,Fancie,inactivo,148
Dorothy,Dominy,Activo,789
Josephine,Chabot,Activo,885
Georgetta,Yate,inactivo,526
Janis,Rheingold,Activo,878
Marleah,Cavan,inactivo,448
Adelle,Colp,inactivo,738
Amii,Casimir,Activo,76
Jobi,Pauly,Activo,164
Aryn,Hutchison,inactivo,438
Louella,Regan,Activo,184
Joelly,Natica,Activo,442
Genevra,Danby,inactivo,267
Pamella,Socha,Activo,86
Adriana,Virgin,inactivo,31
Cindelyn,Nadia,inactivo,735
Kamilah,Pip,inactivo,318
Donetta,Ralfston,inactivo,242
Ardeen,Sacken,inactivo,325
Theodora,Mata,Activo,842
Queenie,Septima,inactivo,557
Fidelia,Nore,Activo,730
Agathe,Alabaster,inactivo,985
Sidoney,Koziara,Activo,432
Meghann,Salchunas,inactivo,699
Phylis,Clywd,inactivo,530
Nataline,Barrus,inactivo,135
Brynna,Wilkinson,inactivo,973
Marsiella,Newell,Activo,3
Ingrid,Abernon,Activo,328
Cristabel,Dermott,Activo,349
Maryellen,Simmonds,Activo,142